/*
Navicat MySQL Data Transfer

Source Server         : localhost
Source Server Version : 50727
Source Host           : localhost:3306
Source Database       : yiqisong

Target Server Type    : MYSQL
Target Server Version : 50727
File Encoding         : 65001

Date: 2019-12-23 10:51:37
*/

SET FOREIGN_KEY_CHECKS=0;

-- ----------------------------
-- Table structure for car_model
-- ----------------------------
DROP TABLE IF EXISTS `car_model`;
CREATE TABLE `car_model` (
  `id` bigint(20) NOT NULL DEFAULT '0' COMMENT '主键',
  `car_name` varchar(20) NOT NULL DEFAULT '' COMMENT '车型名称',
  `is_deleted` tinyint(1) NOT NULL DEFAULT '0' COMMENT '是否删除',
  `tmp_one` varchar(10) NOT NULL DEFAULT '' COMMENT '备用字段一',
  `tmp_two` varchar(10) NOT NULL DEFAULT '' COMMENT '备用字段二',
  `tmp_three` varchar(10) NOT NULL DEFAULT '' COMMENT '备用字段三',
  PRIMARY KEY (`id`),
  KEY `car_id_index` (`id`) USING BTREE
) ENGINE=InnoDB DEFAULT CHARSET=utf8;

-- ----------------------------
-- Records of car_model
-- ----------------------------
INSERT INTO `car_model` VALUES ('1208755980800675841', '轻卡', '0', '', '', '');
INSERT INTO `car_model` VALUES ('1208756032826822657', '其他', '0', '', '', '');
INSERT INTO `car_model` VALUES ('1208756096227921921', '微面', '0', '', '', '');
INSERT INTO `car_model` VALUES ('1208756196446621698', '中面', '0', '', '', '');

-- ----------------------------
-- Table structure for city_parameter
-- ----------------------------
DROP TABLE IF EXISTS `city_parameter`;
CREATE TABLE `city_parameter` (
  `id` bigint(20) NOT NULL DEFAULT '0' COMMENT '主键',
  `city_name` varchar(20) NOT NULL DEFAULT '' COMMENT '城市名',
  `min_parameter` decimal(10,8) NOT NULL DEFAULT '0.00000000' COMMENT '最低参数设置',
  `max_parameter` decimal(10,8) NOT NULL DEFAULT '0.00000000' COMMENT '最高参数设置',
  `is_deleted` tinyint(1) NOT NULL DEFAULT '0' COMMENT '是否删除',
  `tmp_one` varchar(10) NOT NULL DEFAULT '' COMMENT '备用字段一',
  `tmp_two` varchar(10) NOT NULL DEFAULT '' COMMENT '备用字段二',
  `tmp_three` varchar(10) NOT NULL DEFAULT '' COMMENT '备用字段三',
  PRIMARY KEY (`id`),
  KEY `city_id_index` (`id`) USING BTREE
) ENGINE=InnoDB DEFAULT CHARSET=utf8;

-- ----------------------------
-- Records of city_parameter
-- ----------------------------
INSERT INTO `city_parameter` VALUES ('1206540157302362113', '绵阳', '0.40948100', '0.46609100', '0', '', '', '');
INSERT INTO `city_parameter` VALUES ('1206540275946639362', '赣州', '0.17140400', '0.17821400', '0', '', '', '');
INSERT INTO `city_parameter` VALUES ('1206540495396818945', '长沙', '0.06364000', '0.06839200', '0', '', '', '');
INSERT INTO `city_parameter` VALUES ('1206540602594840578', '兰州', '0.11362100', '0.13104300', '0', '', '', '');
INSERT INTO `city_parameter` VALUES ('1206540777849638913', '柳州', '0.10533600', '0.10692900', '0', '', '', '');
INSERT INTO `city_parameter` VALUES ('1206543734632632322', '济宁', '0.05545800', '0.09069500', '0', '', '', '');
INSERT INTO `city_parameter` VALUES ('1206543904866848770', '菏泽', '0.00752900', '0.00862300', '0', '', '', '');
INSERT INTO `city_parameter` VALUES ('1206544045594136577', '衡阳', '0.01107500', '0.01246900', '0', '', '', '');

-- ----------------------------
-- Table structure for first_goods
-- ----------------------------
DROP TABLE IF EXISTS `first_goods`;
CREATE TABLE `first_goods` (
  `id` bigint(20) NOT NULL DEFAULT '0' COMMENT '主键',
  `goods_name` varchar(50) NOT NULL DEFAULT '' COMMENT '货物名称',
  `is_deleted` tinyint(1) NOT NULL DEFAULT '0' COMMENT '是否删除',
  `tmp_one` varchar(10) NOT NULL DEFAULT '' COMMENT '备用字段一',
  `tmp_two` varchar(10) NOT NULL DEFAULT '' COMMENT '备用字段二',
  `tmp_three` varchar(10) NOT NULL DEFAULT '' COMMENT '备用字段三',
  PRIMARY KEY (`id`),
  KEY `first_id_index` (`id`) USING BTREE
) ENGINE=InnoDB DEFAULT CHARSET=utf8;

-- ----------------------------
-- Records of first_goods
-- ----------------------------
INSERT INTO `first_goods` VALUES ('1206416375409598466', '汽摩配件', '0', '', '', '');
INSERT INTO `first_goods` VALUES ('1206416471836647426', '五金机电', '0', '', '', '');
INSERT INTO `first_goods` VALUES ('1206416524986867714', '建材家居', '0', '', '', '');
INSERT INTO `first_goods` VALUES ('1206416576312565761', '日用百货', '0', '', '', '');
INSERT INTO `first_goods` VALUES ('1206416632759508994', '服装鞋包', '0', '', '', '');
INSERT INTO `first_goods` VALUES ('1206416675260391426', '农贸农机', '0', '', '', '');
INSERT INTO `first_goods` VALUES ('1206416732684607490', '粮油副食', '0', '', '', '');

-- ----------------------------
-- Table structure for order_main
-- ----------------------------
DROP TABLE IF EXISTS `order_main`;
CREATE TABLE `order_main` (
  `id` bigint(20) NOT NULL DEFAULT '0' COMMENT '主键',
  `city_id` bigint(20) NOT NULL DEFAULT '0' COMMENT '城市名',
  `one_goods_id` bigint(20) NOT NULL DEFAULT '0' COMMENT '一级货物分类',
  `two_goods_id` bigint(20) NOT NULL DEFAULT '0' COMMENT '二级货物分类',
  `order_amount` int(8) NOT NULL DEFAULT '0' COMMENT '数量',
  `order_money` int(8) NOT NULL DEFAULT '0' COMMENT '订单总金额',
  `motorcycle_type_id` bigint(20) NOT NULL DEFAULT '0' COMMENT '车型',
  `order_datetime` timestamp NOT NULL DEFAULT CURRENT_TIMESTAMP COMMENT '订单时间',
  `is_deleted` tinyint(1) NOT NULL DEFAULT '0' COMMENT '是否删除',
  PRIMARY KEY (`id`),
  KEY `city_id_index` (`city_id`) USING BTREE,
  KEY `one_goods_id_index` (`one_goods_id`) USING BTREE,
  KEY `two_goods_id_index` (`two_goods_id`) USING BTREE,
  KEY `motorcycle_type_id_index` (`motorcycle_type_id`) USING BTREE
) ENGINE=InnoDB DEFAULT CHARSET=utf8;

-- ----------------------------
-- Records of order_main
-- ----------------------------
INSERT INTO `order_main` VALUES ('1206817211222671362', '1206540157302362113', '1206416576312565761', '1206537837348933634', '0', '0', '0', '2019-12-17 14:03:39', '0');
INSERT INTO `order_main` VALUES ('1206817228444483586', '1206540157302362113', '1206416675260391426', '1206538372873474050', '0', '0', '0', '2019-12-17 14:03:43', '0');
INSERT INTO `order_main` VALUES ('1206817229111377921', '1206540275946639362', '1206416524986867714', '1206537556687081473', '0', '0', '0', '2019-12-17 14:03:43', '0');
INSERT INTO `order_main` VALUES ('1206817827978268674', '1206540157302362113', '1206416524986867714', '1206537556687081473', '0', '0', '0', '2019-12-17 14:06:06', '0');
INSERT INTO `order_main` VALUES ('1206819509487325186', '1206540602594840578', '1206416524986867714', '1206537622512488449', '0', '0', '0', '2019-12-17 14:12:47', '0');
INSERT INTO `order_main` VALUES ('1206819513308336129', '1206540157302362113', '1206416471836647426', '1206537208593403906', '0', '0', '0', '2019-12-17 14:12:48', '0');
INSERT INTO `order_main` VALUES ('1206819516177240066', '1206540777849638913', '1206416576312565761', '1206537954973995009', '0', '0', '0', '2019-12-17 14:12:48', '0');
INSERT INTO `order_main` VALUES ('1206819519595597825', '1206540275946639362', '1206416732684607490', '1206538437226680321', '0', '0', '0', '2019-12-20 14:12:49', '0');
INSERT INTO `order_main` VALUES ('1206820851987546114', '1206540157302362113', '1206416471836647426', '1206537304261283842', '0', '0', '0', '2019-12-17 14:18:07', '0');
INSERT INTO `order_main` VALUES ('1206820864541097985', '1206540495396818945', '1206416524986867714', '1206537451569434625', '0', '0', '0', '2019-12-17 14:18:10', '0');
INSERT INTO `order_main` VALUES ('1206820868756373506', '1206540157302362113', '1206416524986867714', '1206537520813199361', '0', '0', '0', '2019-12-17 14:18:11', '0');
INSERT INTO `order_main` VALUES ('1206820872338309121', '1206543734632632322', '1206416732684607490', '1206538437226680321', '0', '0', '0', '2019-12-17 14:18:12', '0');
INSERT INTO `order_main` VALUES ('1206820875274321921', '1206540275946639362', '1206416576312565761', '1206537885830893570', '0', '0', '0', '2019-12-17 14:18:12', '0');
INSERT INTO `order_main` VALUES ('1206820886095626242', '1206540157302362113', '1206416576312565761', '1206537799193350145', '0', '0', '0', '2019-12-17 14:18:15', '0');
INSERT INTO `order_main` VALUES ('1206820888255692802', '1206540602594840578', '1206416632759508994', '1206538243672133634', '0', '0', '0', '2019-12-17 14:18:16', '0');
INSERT INTO `order_main` VALUES ('1207102429192077314', '1206540777849638913', '1206416471836647426', '1206537304261283842', '0', '0', '0', '2019-12-18 08:57:00', '0');
INSERT INTO `order_main` VALUES ('1207102434061664258', '1206540157302362113', '1206416471836647426', '1206537069438980098', '0', '0', '0', '2019-12-18 08:57:01', '0');
INSERT INTO `order_main` VALUES ('1207102442072784898', '1206540275946639362', '1206416524986867714', '1206537411648049154', '0', '0', '0', '2019-12-18 08:57:03', '0');
INSERT INTO `order_main` VALUES ('1207102457256165378', '1206540157302362113', '1206416524986867714', '1206537556687081473', '0', '0', '0', '2019-12-18 08:57:07', '0');
INSERT INTO `order_main` VALUES ('1207102478332542977', '1206540157302362113', '1206416524986867714', '1206537482858942466', '0', '0', '0', '2019-12-18 08:57:12', '0');
INSERT INTO `order_main` VALUES ('1207102481214029826', '1206540602594840578', '1206416576312565761', '1206537837348933634', '0', '0', '0', '2019-12-18 08:57:13', '0');
INSERT INTO `order_main` VALUES ('1207102487073472514', '1206540275946639362', '1206416632759508994', '1206538190236700673', '0', '0', '0', '2019-12-18 08:57:14', '0');
INSERT INTO `order_main` VALUES ('1207102496737148930', '1206543734632632322', '1206416576312565761', '1206538032153382913', '0', '0', '0', '2019-12-18 08:57:16', '0');
INSERT INTO `order_main` VALUES ('1207102499375366146', '1206540157302362113', '1206416576312565761', '1206537837348933634', '0', '0', '0', '2019-12-18 08:57:17', '0');
INSERT INTO `order_main` VALUES ('1207102500952424450', '1206540495396818945', '1206416375409598466', '1206536623097925633', '0', '0', '0', '2019-12-18 08:57:17', '0');
INSERT INTO `order_main` VALUES ('1207102502399459329', '1206540777849638913', '1206416471836647426', '1206537134664601602', '0', '0', '0', '2019-12-18 08:57:18', '0');
INSERT INTO `order_main` VALUES ('1207102517935161346', '1206540157302362113', '1206416632759508994', '1206538190236700673', '0', '0', '0', '2019-12-18 08:57:21', '0');
INSERT INTO `order_main` VALUES ('1207102524910288897', '1206540275946639362', '1206416375409598466', '1206536903466176513', '0', '0', '0', '2019-12-18 08:57:23', '0');
INSERT INTO `order_main` VALUES ('1207102537086353410', '1206540157302362113', '1206416375409598466', '1206536623097925633', '0', '0', '0', '2019-12-18 08:57:26', '0');
INSERT INTO `order_main` VALUES ('1207102539091230721', '1206540602594840578', '1206416375409598466', '1206536816337899521', '0', '0', '0', '2019-12-18 08:57:26', '0');
INSERT INTO `order_main` VALUES ('1207102555876835329', '1206540157302362113', '1206416375409598466', '1206536765897199617', '0', '0', '0', '2019-12-18 08:57:30', '0');
INSERT INTO `order_main` VALUES ('1207102563778904065', '1206540275946639362', '1206416675260391426', '1206538372873474050', '0', '0', '0', '2019-12-18 08:57:32', '0');
INSERT INTO `order_main` VALUES ('1207102566605864962', '1206540777849638913', '1206416471836647426', '1206537069438980098', '0', '0', '0', '2019-12-18 08:57:33', '0');
INSERT INTO `order_main` VALUES ('1207102576735109122', '1206540157302362113', '1206416524986867714', '1206537365934329858', '0', '0', '0', '2019-12-18 08:57:35', '0');
INSERT INTO `order_main` VALUES ('1207102587040514049', '1206543734632632322', '1206416524986867714', '1206537482858942466', '0', '0', '0', '2019-12-18 08:57:38', '0');
INSERT INTO `order_main` VALUES ('1207102596402200578', '1206540157302362113', '1206416524986867714', '1206537622512488449', '0', '0', '0', '2019-12-18 08:57:40', '0');
INSERT INTO `order_main` VALUES ('1207102598922977281', '1206540602594840578', '1206416471836647426', '1206537208593403906', '0', '0', '0', '2019-12-18 08:57:41', '0');
INSERT INTO `order_main` VALUES ('1207102604786614274', '1206540275946639362', '1206416375409598466', '1206536730165923842', '0', '0', '0', '2019-12-18 08:57:42', '0');
INSERT INTO `order_main` VALUES ('1207102605541588993', '1206540495396818945', '1206416576312565761', '1206537923181170690', '0', '0', '0', '2019-12-18 08:57:42', '0');
INSERT INTO `order_main` VALUES ('1207102616627134465', '1206540157302362113', '1206416732684607490', '1206538437226680321', '0', '0', '0', '2019-12-18 08:57:45', '0');
INSERT INTO `order_main` VALUES ('1207102632376745985', '1206540777849638913', '1206416471836647426', '1206537134664601602', '0', '0', '0', '2019-12-18 08:57:49', '0');
INSERT INTO `order_main` VALUES ('1207102635795103746', '1206540157302362113', '1206416576312565761', '1206537954973995009', '0', '0', '0', '2019-12-18 08:57:49', '0');
INSERT INTO `order_main` VALUES ('1207102642245943297', '1206540275946639362', '1206416675260391426', '1206538372873474050', '0', '0', '0', '2019-12-18 08:57:51', '0');
INSERT INTO `order_main` VALUES ('1207102653922885633', '1206540157302362113', '1206416524986867714', '1206537520813199361', '0', '0', '0', '2019-12-18 08:57:54', '0');
INSERT INTO `order_main` VALUES ('1207102656435273729', '1206540602594840578', '1206416524986867714', '1206537622512488449', '0', '0', '0', '2019-12-18 08:57:54', '0');
INSERT INTO `order_main` VALUES ('1207102672881139713', '1206540157302362113', '1206416524986867714', '1206537556687081473', '0', '0', '0', '2019-12-18 08:57:58', '0');
INSERT INTO `order_main` VALUES ('1207102679956930561', '1206540275946639362', '1206416524986867714', '1206537556687081473', '0', '0', '0', '2019-12-18 08:58:00', '0');
INSERT INTO `order_main` VALUES ('1207102683350122497', '1206543734632632322', '1206416524986867714', '1206537451569434625', '0', '0', '0', '2019-12-18 08:58:01', '0');

-- ----------------------------
-- Table structure for second_goods
-- ----------------------------
DROP TABLE IF EXISTS `second_goods`;
CREATE TABLE `second_goods` (
  `id` bigint(20) NOT NULL DEFAULT '0' COMMENT '主键',
  `parent_id` bigint(20) NOT NULL DEFAULT '0' COMMENT '一级货物id',
  `goods_name` varchar(50) NOT NULL DEFAULT '' COMMENT '货物名称',
  `goods_price` decimal(9,2) NOT NULL DEFAULT '0.00' COMMENT '货物价格',
  `is_deleted` tinyint(1) NOT NULL DEFAULT '0' COMMENT '是否删除',
  `tmp_one` varchar(10) NOT NULL DEFAULT '' COMMENT '备用字段一',
  `tmp_two` varchar(10) NOT NULL DEFAULT '' COMMENT '备用字段二',
  `tmp_three` varchar(10) NOT NULL DEFAULT '' COMMENT '备用字段三',
  PRIMARY KEY (`id`),
  KEY `second_id_index` (`id`) USING BTREE
) ENGINE=InnoDB DEFAULT CHARSET=utf8;

-- ----------------------------
-- Records of second_goods
-- ----------------------------
INSERT INTO `second_goods` VALUES ('1206536623097925633', '1206416375409598466', '汽车配件', '12.00', '0', '', '', '');
INSERT INTO `second_goods` VALUES ('1206536730165923842', '1206416375409598466', '汽车用品', '12.00', '0', '', '', '');
INSERT INTO `second_goods` VALUES ('1206536765897199617', '1206416375409598466', '汽保工具', '12.00', '0', '', '', '');
INSERT INTO `second_goods` VALUES ('1206536816337899521', '1206416375409598466', '汽车电器', '222.00', '0', '', '', '');
INSERT INTO `second_goods` VALUES ('1206536869932716034', '1206416375409598466', '汽车整车', '111.00', '0', '', '', '');
INSERT INTO `second_goods` VALUES ('1206536903466176513', '1206416375409598466', '摩电整车', '444.00', '0', '', '', '');
INSERT INTO `second_goods` VALUES ('1206537069438980098', '1206416471836647426', '五金工具', '100.00', '0', '', '', '');
INSERT INTO `second_goods` VALUES ('1206537134664601602', '1206416471836647426', '机械设备', '121.00', '0', '', '', '');
INSERT INTO `second_goods` VALUES ('1206537208593403906', '1206416471836647426', '日用五金', '121.00', '0', '', '', '');
INSERT INTO `second_goods` VALUES ('1206537250666467330', '1206416471836647426', '水暖五金', '21.00', '0', '', '', '');
INSERT INTO `second_goods` VALUES ('1206537304261283842', '1206416471836647426', '建筑五金', '212.00', '0', '', '', '');
INSERT INTO `second_goods` VALUES ('1206537365934329858', '1206416524986867714', '卫浴家装', '212.00', '0', '', '', '');
INSERT INTO `second_goods` VALUES ('1206537411648049154', '1206416524986867714', '建材配件', '212.00', '0', '', '', '');
INSERT INTO `second_goods` VALUES ('1206537451569434625', '1206416524986867714', '安防器材', '111.00', '0', '', '', '');
INSERT INTO `second_goods` VALUES ('1206537482858942466', '1206416524986867714', '厨房家装', '111.00', '0', '', '', '');
INSERT INTO `second_goods` VALUES ('1206537520813199361', '1206416524986867714', '办公家具', '111.00', '0', '', '', '');
INSERT INTO `second_goods` VALUES ('1206537556687081473', '1206416524986867714', '户外家具', '111.00', '0', '', '', '');
INSERT INTO `second_goods` VALUES ('1206537622512488449', '1206416524986867714', '成套家具', '111.00', '0', '', '', '');
INSERT INTO `second_goods` VALUES ('1206537799193350145', '1206416576312565761', '家用电器', '222.00', '0', '', '', '');
INSERT INTO `second_goods` VALUES ('1206537837348933634', '1206416576312565761', '日化用品', '12.00', '0', '', '', '');
INSERT INTO `second_goods` VALUES ('1206537885830893570', '1206416576312565761', '日杂百货', '232.00', '0', '', '', '');
INSERT INTO `second_goods` VALUES ('1206537923181170690', '1206416576312565761', '小家电', '123.00', '0', '', '', '');
INSERT INTO `second_goods` VALUES ('1206537954973995009', '1206416576312565761', '针织家纺', '123.00', '0', '', '', '');
INSERT INTO `second_goods` VALUES ('1206537999928545281', '1206416576312565761', '窗帘布艺', '123.00', '0', '', '', '');
INSERT INTO `second_goods` VALUES ('1206538032153382913', '1206416576312565761', '玩具益智', '123.00', '0', '', '', '');
INSERT INTO `second_goods` VALUES ('1206538063291895809', '1206416576312565761', '文体用品', '123.00', '0', '', '', '');
INSERT INTO `second_goods` VALUES ('1206538138625789954', '1206416632759508994', '箱包皮具', '123.00', '0', '', '', '');
INSERT INTO `second_goods` VALUES ('1206538190236700673', '1206416632759508994', '图书音像', '233.00', '0', '', '', '');
INSERT INTO `second_goods` VALUES ('1206538243672133634', '1206416632759508994', '服装饰品', '11.00', '0', '', '', '');
INSERT INTO `second_goods` VALUES ('1206538372873474050', '1206416675260391426', '农机农资', '333.00', '0', '', '', '');
INSERT INTO `second_goods` VALUES ('1206538437226680321', '1206416732684607490', '粮油副食', '123.00', '0', '', '', '');
